SP,LogMass,LogLength,LogDiameter
1,0.124504225,2.371067862,0.494154594
1,0.907088745,2.431363764,0.79518459
1,1.045987606,2.556302501,0.882239848
1,2.388988785,3.093421685,1.307709923
1,2.652439748,3.033423755,1.312177356
1,2.745777218,3.029383778,1.563836919
1,2.817499262,3.245512668,1.584896344
1,2.926856709,3.130333768,1.556784782
1,2.951823035,3.075546961,1.680108787
1,3.202760687,3.120573931,1.648213595
1,3.202760687,3.195899652,1.676236217
1,3.383216812,3.184691431,1.958157587
1,3.446381812,3.033423755,1.715209195
1,3.449293225,3.285557309,1.621072371
1,3.469085299,3.23299611,1.740362689
1,3.878904622,3.278753601,2.034728698
1,4.000723236,3.252853031,1.959899588
1,4.498701023,3.534026106,2.356025857
2,1.560504415,2.113943352,1.113943352
2,1.702861171,2.041392685,1.176091259
2,1.708845638,2.204119983,1.397940009
2,1.825101412,2.342422681,1.322219295
2,1.863025296,2.491361694,1.491361694
2,2.358601016,2.662757832,1.556302501
2,2.616895426,2.698970004,1.643452676
2,2.932930143,2.86332286,1.763427994
2,3.002986341,2.86332286,1.819543936
2,3.017369966,2.799340549,1.69019608
2,3.309355377,2.944482672,2.278753601
2,3.475853237,2.892094603,1.755874856
2,3.507592761,2.991226076,1.982271233
2,3.553995067,3.045322979,2.285557309
2,3.668699595,3.049218023,2.096910013
2,4.086418021,3.075546961,2.155336037
2,4.305629755,3.201397124,2.230448921
2,4.316581941,3.198657087,2.130333768
3,-1.301029996,1.622317661,0.008600172
3,-0.455931956,1.763427994,0.555094449
3,-0.185752404,1.880813592,0.447932866
3,0.251151343,2.176091259,0.594944737
3,0.638489257,2.380211242,0.786751422
3,0.658011397,2.250420002,0.737987326
3,0.728353782,2.397940009,0.731991449
3,0.792041311,2.380211242,0.651762447
3,0.937166704,2.255272505,0.854002233
3,1.095169351,2.322219295,1.081167215
3,1.290591043,2.096910013,1.04060234
3,1.328379603,2.491361694,0.954242509
3,1.428134794,2.447158031,1.344490519
3,1.435366507,2.462397998,1.097777735
3,1.505149978,2.477121255,1.179695383
3,1.516535374,2.531478917,1.115277591
3,1.613841822,2.477121255,1.386677284
3,1.804139432,2.556302501,1.205745541
3,1.805500858,2.51851394,1.37821615
3,1.833784375,2.672097858,1.137670537
3,1.848804701,2.633468456,1.254427222
3,1.922725458,2.612783857,1.135768515
3,2.032618761,2.602059991,1.340146551
3,2.130333768,2.72427587,1.42894429
3,2.216693599,2.72427587,1.516138577
3,2.256837966,2.579783597,1.16479882
3,2.551571974,2.785329835,1.051345499
3,2.602494069,2.748188027,1.181986424
4,-0.42136079,1.86923172,0.159867847
4,-0.110138279,1.826074803,0.385606274
4,-0.022276395,1.929418926,0.371990911
4,0.090610708,1.892094603,0.561101384
4,0.26927939,1.991226076,0.350248018
4,0.288025535,2.041392685,0.403977964
4,0.4827307,1.908485019,0.596047008
4,0.540829814,2.086359831,0.432167269
4,0.636387586,2.012837225,0.664171705
4,0.663606708,2.049218023,0.581494542
4,0.698013504,2.045322979,0.556905269
4,0.740046724,2.113943352,0.476396827
4,0.751279104,2.096910013,0.716003344
4,1.001993174,1.954242509,0.802089258
4,1.109004508,2.152288344,0.707995746
4,1.181843588,2.190331698,0.711385379
4,1.292388998,2.176091259,0.761927838
4,1.424179014,2.250420002,0.837903945
4,1.714472265,2.204119983,0.919601024
4,1.808548551,2.301029996,0.9733588
4,1.902100841,2.311753861,0.895146189
5,-0.366531544,2.243038049,0.26599637
5,0.306210508,2.419955748,0.828015064
5,0.558708571,2.58546073,0.680335513
5,1.739967697,2.681241237,1.343703932
5,2.108565024,2.934498451,1.301029996
5,2.147367108,2.973127854,1.380211242
5,2.195622944,2.792391689,1.603360924
5,2.456973014,2.903089987,1.380211242
5,2.704922291,2.913813852,1.50623436
5,2.879038505,2.934498451,1.544068044
5,2.903089987,3.021189299,1.681241237
5,2.929418926,3.252853031,1.544068044
5,3,2.986771734,1.716003344
5,3.017369787,3.071882007,1.812913357
5,3.139879086,3.021189299,1.989004616
5,3.204119983,3.130333768,1.662757832
5,3.224231516,3.06069784,2.361727836
5,3.302525733,3.193124598,1.913813852
5,3.455632884,3.235528447,1.954242509
5,3.462845689,2.954242509,2.238046103
5,3.668699595,3.267171728,2.025305865
5,3.681749698,3.301029996,1.977723605
5,3.72784662,3.176091259,2.079181246
6,-0.346787486,2.041392685,0.717254313
6,0.161368002,1.903089987,0.474944335
6,0.486713776,1.857332496,0.678062905
6,0.537819095,2.230448921,0.698100546
6,0.723947976,2.484299839,0.648360011
6,0.776773802,2.041392685,0.748575617
6,0.900367129,1.954242509,0.711385379
6,0.926856709,2.431363764,0.700703717
6,0.975431809,2.33243846,0.764176132
6,1.039414119,2.342422681,0.85308953
6,1.112269768,2.342422681,0.802089258
6,1.227115083,2.477121255,0.887898488
6,1.341434525,2.389166084,0.975201962
6,1.351216345,2.51851394,0.8683505
6,1.388278863,2.431363764,1.067256889
6,1.43055877,2.176091259,0.841984805
6,1.43055877,2.45484486,1.063333359
6,1.461648568,2.591064607,0.967781908
6,1.685293781,2.602059991,0.986099625
6,1.689752696,2.544068044,1.127752516
6,1.854002233,2.662757832,0.981365509
6,2.050379756,2.62324929,1.620188126
6,2.18582536,2.69019608,1.407475885
7,0.161368002,1.864451747,0.717670503
7,0.498310554,1.740362689,0.881099218
7,0.736396502,1.999174056,0.883093359
7,0.752048448,1.84509804,1.146128036
7,0.795880017,1.904931827,0.8683505
7,0.860338007,1.929418926,0.959756673
7,1.002166062,2,0.981818607
7,1.188928484,2.079181246,1.076822423
7,1.345373731,2.079181246,1.27485032
7,1.349277527,2.041392685,1.146128036
7,1.371990911,2.176091259,1.301029996
7,1.395326393,2.079181246,1.090963077
7,1.507180977,2.243038049,1.224144432
7,1.592731766,2.161368002,1.283074975
7,1.656577291,2.255272505,1.201943063
7,1.674401813,2.230448921,1.310587115
7,1.797267541,2.311753861,1.380211242
7,1.843544212,2.380211242,1.24723655
7,1.918554531,2.311753861,1.355259906
7,1.941262909,2.380211242,1.34684177
7,1.974511693,2.380211242,1.263399331
7,1.985875357,2.431363764,1.643452676
7,1.996730515,2.397940009,1.477048866
7,2.13289977,2.447158031,1.544068044
7,2.247727833,2.51851394,1.498310554
7,2.374198258,2.591064607,1.485011215
7,2.416973173,2.51851394,1.585178629
7,2.485437481,2.62324929,1.662757832
7,2.57863921,2.755874856,1.61898892
7,2.582517884,2.619093331,1.671681845
7,3.01911629,2.944482672,1.661623409
7,3.128722284,2.929418926,2
7,3.396199347,2.963787827,1.886857183
7,3.469822016,2.977723605,1.969788537
7,3.57921178,3.113943352,2.019427873
7,3.717670503,3.037426498,2.014667519
7,4.068804087,3.414973348,2.113943352
7,4.414694876,3.596597096,2.385606274
7,4.635886818,3.711807229,2.517195898
8,-0.872895202,1.591064607,0.146128036
8,-0.504455662,1.681241237,0.444044796
8,-0.374687549,1.707570176,0.520483533
8,-0.36552273,1.851258349,0.494850022
8,-0.305394801,1.73239376,0.534660576
8,-0.026872146,1.908485019,0.578065884
8,-0.001304842,2.290034611,0.642958879
8,0.01911629,1.903089987,0.556905269
8,0.140508043,1.991226076,0.613313161
8,0.243038049,2.380211242,0.60368555
8,0.249931757,1.929418926,0.572871602
8,0.265053789,2.041392685,0.63748973
8,0.342620043,2.206825876,0.584896344
8,0.347915187,2.195899652,0.658488381
8,0.414137362,2.342422681,0.679881942
8,0.465977368,2.385606274,0.700270937
8,0.567966907,2.344392274,0.701999475
8,0.694605199,2.491361694,0.890700398
8,0.8162413,2.544068044,0.84135947
8,0.966141733,2.380211242,0.94225615
8,1.268343914,2.579783597,1.098643726
8,1.710963119,2.748188027,1.15896526
8,1.976349979,2.826074803,1.382917135
9,-1.119186408,1.62324929,-0.040958608
9,-1.008773924,2.033423755,0.198657087
9,-0.93930216,2.079181246,0.171726454
9,-0.821023053,2.173186268,0.250420002
9,-0.346787486,2.06069784,0.301029996
9,-0.189767482,2.138302698,0.463146137
9,-0.171984936,2.06069784,0.198657087
9,0.745855195,2.439332694,0.794836458
9,1.176091259,2.574031268,1.042181595
9,1.277609214,2.414973348,0.927626962
9,1.282168778,2.45484486,0.880813592
9,1.669781615,2.759667845,0.98788961
9,1.721851818,2.740362689,1.08849047
9,1.921166051,2.707570176,1.217483944
9,2.297979244,3.041392685,1.239174304
9,2.611404638,2.886490725,1.502017215
9,2.88460677,3.1430148,1.478782868
9,2.906819715,3.071882007,1.585686278
9,3.014784584,3.301029996,1.698970004
9,3.100861446,3.267171728,1.62324929
9,3.100861446,3.240549248,1.62838893
9,3.689323424,3.462397998,1.826074803
9,3.792041311,3.474216264,1.80573867
9,4.631374956,3.531478917,2.596597096
10,-0.777283529,1.954242509,0.241795431
10,0.428620673,2.477121255,0.694166296
10,0.711554168,1.995635195,0.950364854
10,0.77151399,2.544068044,0.818885415
10,0.809559715,2.230448921,0.892651034
10,0.866287339,2.290034611,0.877659244
10,1.050843581,2.146128036,0.935759104
10,1.421603927,2.505149978,1.060320029
10,1.537819095,2.67669361,1.130333768
10,1.629409599,2.72427587,1.431363764
10,1.897077003,2.763427994,0.812913357
10,1.950506026,2.72427587,1.246990699
10,2.035029282,2.806179974,0.903089987
10,2.14113609,2.973127854,1.361727836
10,2.185176548,2.799340549,1.366236124
10,2.22354526,2.662757832,1.29907126
10,2.733438027,3.056904851,1.439332694
10,2.849357982,3.056904851,1.477121255
10,2.8857292,2.977723605,1.447158031
10,3.159224796,3.326335861,1.544068044
10,3.229169703,3.123851641,1.666283923
10,3.318912094,3.392696953,1.799340549
10,3.449735506,3.371067862,2.10720997
10,3.552262564,3.181843588,1.632178809
10,3.580664992,3.456366033,1.73239376
10,3.630088749,3.389166084,2.290034611
10,3.957282235,3.348304863,1.819543936
10,3.996732222,3.58546073,1.872156273
10,4.227208676,3.480006943,1.908485019
10,4.375644171,3.51851394,2.004321374
10,4.754783113,3.653212514,2.285557309
10,5.03866808,3.69019608,2.350248018
10,5.058283364,3.740362689,2.401400541
10,5.149680886,3.781755375,2.460897843
11,-1.346787486,1.342422681,0.165837625
11,-1.113509275,1.759667845,0.374748346
11,-0.785156152,1.86332286,0.447158031
11,-0.752026734,1.544068044,0.306425028
11,-0.718966633,1.662757832,0.419955748
11,-0.698970004,1.662757832,0.456366033
11,-0.595166283,1.875061263,0.523746467
11,-0.453457337,1.829303773,0.553276046
11,-0.202732459,1.84509804,0.60906055
11,-0.129011186,1.77815125,0.645422269
11,-0.080398976,2.176091259,0.542825427
11,-0.001740662,1.880813592,0.778513012
11,0.227115083,1.977723605,0.671635597
11,0.389166084,2.113943352,0.759290033
11,0.604550033,2.230448921,0.795532443
11,0.736396502,2.161368002,1.080806804
11,0.849050691,2.10720997,1.097430854
11,0.872156273,2.230448921,0.908485019
11,0.951823035,2.491361694,0.998912904
11,1.051152522,2.301029996,0.937267072
11,1.379305518,2.505149978,1.09184275
11,1.49762065,2.716003344,1.07114529
11,1.517855419,2.397940009,1.47414339
11,1.601516784,2.397940009,1.487138375
11,1.627877695,2.579783597,1.499136995
11,1.900093902,2.531478917,1.432247538
11,2.158060794,2.579783597,1.479719235
12,1.427323786,2.243038049,0.921946454
12,1.545925329,2.269512944,1.097951071
12,1.611192061,2.342422681,0.915399835
12,1.657533888,2.243038049,1.004965887
12,1.686636269,2.278753601,1.005395032
12,1.711385379,2.397940009,0.967313918
12,1.773054693,2.33243846,1.035429738
12,1.927370363,2.180891096,1.200987219
12,1.998477303,2.301029996,1.164650216
12,2.001517377,2.352182518,1.078456818
12,2.082066934,2.322219295,1.116773727
12,2.12515583,2.217483944,1.175801633
12,2.160468531,2.389166084,1.189349924
12,2.238297068,2.230448921,1.184123354
12,2.255754787,2.389166084,1.359171206
12,2.267875419,2.505149978,1.209112704
12,2.361350024,2.397940009,1.361727836
12,2.366796383,2.204119983,1.42772948
12,2.58172216,2.51851394,1.44208763
12,2.879038505,2.414973348,1.378125246
13,0.311753861,1.929418926,0.741151599
13,0.511883361,2.033423755,0.803798408
13,0.537819095,2.017033339,0.752816431
13,0.58546073,2.025305865,0.809559715
13,0.741860394,2.161368002,0.770483809
13,0.883661435,1.977723605,0.867172751
13,0.975431809,2.33243846,0.861832998
13,1.058805487,2.322219295,0.981365509
13,1.550839605,2.477121255,1.066512278
13,1.672753425,2.397940009,1.011570444
13,1.698100546,2.602059991,1.111766433
13,1.759290033,2.662757832,1.13081605
13,1.890979597,2.755874856,1.183412212
13,1.972896784,2.322219295,1.156397697
13,1.993876915,2.544068044,1.155943018
13,2.047274867,2.643452676,1.215240887
13,2.09464579,2.505149978,1.270445908
13,2.124830149,2.643452676,1.364081741
13,2.149527014,2.69019608,1.206960729
13,2.229041573,2.62324929,1.26611405
13,2.243038049,2.72427587,1.226213121
13,2.292477594,2.740362689,1.262094965
13,2.307923704,2.653212514,1.312917481
13,2.331629718,2.447158031,1.365394377
13,2.412964272,2.672097858,1.412460547
13,2.537189226,2.544068044,1.363235804
13,2.689308859,2.792391689,1.426998959
13,2.817499262,3.008600172,1.595936906
13,3.112269768,2.949390007,1.564902673
14,-0.401209493,2.146128036,0.514547753
14,-0.368556231,2.021189299,0.305351369
14,-0.092588639,2.204119983,0.414137362
14,-0.089375595,2.612783857,0.8283376
14,-0.000869459,2.079181246,0.513883186
14,0.184123354,2.204119983,0.46834733
14,0.200029267,2.113943352,0.470557485
14,0.355068206,2.371067862,0.609594409
14,0.360593414,2.123851641,0.696356389
14,0.450710878,2.267171728,0.33243846
14,0.494293769,2.311753861,0.681693392
14,0.708250889,2.414973348,0.726319612
14,0.770115295,2.352182518,0.64246452
14,1.06092437,2.58546073,0.833147112
14,1.098436045,2.40654018,0.752816431
14,1.110050716,2.511883361,0.819543936
14,1.1181324,2.439332694,0.646893624
14,1.119387874,2,0.336459734
14,1.277998644,2.439332694,0.631443769
14,1.481442629,2.568201724,0.828981954
14,1.681241237,2.643452676,0.846646329
14,1.829303773,2.643452676,0.886772643
15,-2.508638306,1.447158031,0.200029267
15,-1.468521083,0.477121255,-0.148741651
15,-1.26760624,0.698970004,0.426511261
15,-1.200659451,0.602059991,0.263636069
15,-1.187086643,0.477121255,0.010723865
15,-1.180456064,0.77815125,0.217483944
15,-1.148741651,1.301029996,0.325310372
15,-1.070581074,1.322219295,0.309630167
15,-1.050609993,0.77815125,0.452553063
15,-1.045757491,1.146128036,0.393575203
15,-1.040958608,0.698970004,0.138302698
15,-0.978810701,1.431363764,0.058805487
15,-0.966576245,1.544068044,0.342422681
15,-0.93930216,0.698970004,0.096910013
15,-0.924453039,1.477121255,0.183269844
15,-0.913640169,0.84509804,0.404833717
15,-0.850780887,0.77815125,0.269512944
15,-0.769551079,1,0.244277121
15,-0.744727495,1.447158031,0.170261715
15,-0.744727495,0.84509804,0.256477206
15,-0.732828272,0.77815125,0.385606274
15,-0.707743929,0.698970004,0.329397879
15,-0.707743929,0.477121255,0.500373714
15,-0.671620397,0.84509804,0.382917135
15,-0.665546249,1.62324929,0.261262869
15,-0.645891561,1.491361694,0.236789099
15,-0.645891561,1.113943352,0.327358934
15,-0.616184634,0.84509804,0.390935107
15,-0.600326279,1,0.527629901
15,-0.505845406,0.602059991,0.457881897
15,-0.49757288,1.477121255,0.521138084
15,-0.387216143,1.079181246,0.39707055
15,-0.384049948,1.505149978,0.503790683
15,-0.370590401,1,0.494154594
15,-0.321481621,1,0.559906625
15,-0.316052869,0.698970004,0.542825427
15,-0.316052869,1.414973348,0.680788612
15,-0.305394801,0.602059991,0.559906625
15,-0.290730039,1.698970004,0.45331834
15,-0.27083521,0.602059991,0.62838893
15,-0.248720896,0.954242509,0.537189226
15,-0.141462802,1.342422681,0.574031268
15,-0.1123827,1.397940009,0.602059991
15,-0.069050969,1.954242509,0.701999475
15,-0.025949097,1.681241237,0.5132176
15,-0.025028006,0.84509804,0.540329475
15,-0.013228266,1.77815125,0.756255649
15,0.408918021,1.875061263,0.791339704
16,0.458184436,1.812913357,0.66133934
16,1.753583059,2.204119983,1.110252917
16,2.951823035,2.69019608,1.581608366
17,-0.661543506,1.977723605,0.339451441
17,0.468937806,2.267171728,0.751663946
17,0.788875116,2.243038049,1.053078443
17,0.911157609,2.322219295,1.13145826
17,1.807535028,2.748188027,1.364926034
17,2.247482261,2.462397998,1.524136377
17,2.341236623,2.707570176,1.610713382
17,2.669007091,3.075546961,1.674952948
17,2.817499262,3.045322979,1.662757832
17,2.929418926,3.318063335,1.617472144
17,3.077367905,3.328379603,1.653212514
17,3.144574208,3.33243846,1.767155866
17,3.351216345,3.33243846,1.66954931
17,3.673635216,3.311753861,1.954242509
17,3.698535493,3.414973348,1.792391689
17,3.843025052,3.525044807,1.954242509
17,3.844787719,3.5289167,2.041392685
17,3.89181612,3.484299839,1.924279286
17,3.906694129,3.498310554,1.954242509
17,3.915927212,3.612783857,1.949390007
17,3.921166051,3.552668216,2.008600172
17,3.965906915,3.444044796,1.982271233
17,3.982044979,3.545307116,2.041392685
17,4.083980153,3.505149978,2.056904851
17,4.42089049,3.655138435,2.225309282
17,4.466548019,3.767155866,2.36361198
18,-1.568636236,1.397940009,0.01494035
18,-1.48148606,1.397940009,0.117271296
18,-1.397940009,1.397940009,0.07371835
18,-1.013228266,1.924279286,0.176091259
18,-1.008773924,1.447158031,0.08278537
18,-0.761953897,1.72427587,0.263636069
18,-0.716698771,1.568201724,0.264817823
18,-0.675717545,1.929418926,0.264817823
18,-0.539102157,1.968482949,0.254064453
18,-0.522878745,2.190331698,0.275311355
18,-0.420216403,1.812913357,0.369215857
18,-0.262012674,2,0.365487985
18,0.290034611,2.389166084,0.697229343
18,0.596597096,2.477121255,0.63447727
18,0.648360011,2.431363764,0.903361336
18,0.774516966,2.633468456,0.802773725
18,0.926856709,2.643452676,0.877659244
18,0.951823035,2.716003344,0.920123326
18,0.951823035,2.278753601,0.941262909
18,1.229169703,2.806179974,0.920123326
18,1.43055877,2.857332496,1.143170993
18,1.555698895,2.919078092,1.016197354
18,2.04316572,2.963787827,1.194375567
18,2.858717615,3.077367905,1.476614282
19,-0.853871964,1.62324929,0.26599637
19,-0.688246139,1.77815125,0.298853076
19,-0.565431096,1.857332496,0.144574208
19,-0.136082623,1.84509804,0.409933123
19,0.16879202,1.886490725,0.514547753
19,0.206015877,2.278753601,0.405687787
19,0.297979244,2.152288344,0.483587297
19,0.298853076,1.929418926,0.5289167
19,0.305136319,2.149219113,0.530199698
19,0.380030248,2.311753861,0.550228353
19,0.504062883,2.161368002,0.683947131
19,0.553883027,2.161368002,0.630427875
19,0.567731963,2.267171728,0.603144373
19,0.585347911,2.049218023,0.61436984
19,1.138839312,2.392696953,0.77815125
19,1.195899652,2.230448921,0.771219902
19,1.301594212,2.469822016,0.88337749
20,-2.096910013,1.903089987,-0.296708622
20,-1.920818754,2.021189299,-0.346787486
20,-0.876148359,1.929418926,0.128722284
20,-0.571865206,2.161368002,0.210853365
20,-0.440093375,2.342422681,0.249198357
20,-0.42945706,2.130333768,0.209515015
20,-0.238072162,2.544068044,0.324282455
20,-0.023191663,2.531478917,0.385606274
20,0.065579715,2.484299839,0.433769834
20,0.142076461,2.491361694,0.407390904
20,0.96425963,2.806179974,0.759290033
20,1.579726449,2.562292864,1.396896449
20,1.704407927,2.73239376,1.380482591
20,1.753230578,2.857332496,1.164352856
20,1.983991428,2.602059991,1.608739919
20,2.0617502,2.556302501,1.591287265
20,2.164947373,2.633468456,1.594171479
20,2.214048679,2.929418926,1.738106404
20,2.501470072,2.67669361,1.77261505
21,-0.821023053,2.021189299,0.533390708
21,0.200576927,2.301029996,0.869525063
21,0.659726095,2.531478917,1.05422991
21,0.73045926,2.748188027,1.036628895
21,0.898286279,2.505149978,1.216165902
21,0.941113727,2.638489257,1.004965887
21,0.942156928,2.648360011,1.178833117
21,1.006380459,2.69019608,1.139564266
21,1.03193334,2.596597096,1.139249218
21,1.135418905,2.562292864,1.006679928
21,1.424260772,2.740362689,1.235149536
21,1.43836828,2.685741739,1.379124146
21,1.489086204,2.62838893,1.527951958
21,1.807088327,2.908485019,1.347037134
21,1.892283869,2.835690571,1.589279221
21,1.96908494,2.86923172,1.612571954
21,2.644832329,2.949390007,1.831581855
21,2.649432223,2.944482672,1.739532789
21,3.093946724,3.012837225,2.204119983
21,3.395099137,3.130333768,2.443262987
22,0.986771734,2.447158031,0.86421433
22,1.073021454,2.361727836,0.924537718
22,1.317018101,2.643452676,0.783903579
22,1.352549101,2.431363764,0.88422877
22,1.545925329,2.633468456,1.2757719
22,1.567026366,2.531478917,0.958085849
22,1.572871602,2.707570176,1.184975191
22,1.642958879,2.591064607,0.999130541
22,1.705863712,2.602059991,1.114360743
22,1.884795364,2.77815125,1.119090852
22,1.922725458,2.62324929,1.210719716
22,2.08170727,2.73239376,1.263754389
22,2.088844563,2.62324929,1.477265995
22,2.138618434,2.491361694,1.61452812
22,2.14082218,2.72427587,1.103119254
22,2.160468531,2.770852012,1.244524512
22,2.345569756,2.770852012,1.303304077
22,2.354876423,2.73239376,1.215373153
22,2.411788005,2.568201724,1.424146306
22,2.430880946,2.799340549,1.127509735
22,2.525433553,2.681241237,1.69050618
22,2.567849451,2.62324929,1.56139956
22,2.575880316,2.826074803,1.309417226
22,2.594171479,2.707570176,1.476831629
22,2.70457945,2.86923172,1.571475904
22,2.721398376,2.812913357,1.487915731
22,2.727134424,2.826074803,1.446070936
22,2.906819715,2.897627091,1.5132176
22,3.024033898,2.880813592,1.542825427
22,3.095169351,2.919078092,1.513350799
23,-0.084072788,2.278753601,0.42975228
23,-0.01188716,2,0.354108439
23,0.788875116,2.278753601,0.754730469
23,1.020816887,2.217483944,0.743509765
23,1.382557322,2.40654018,0.892372907
23,1.396199347,2.397940009,0.977494969
23,1.503790683,2.45484486,1.021396057
23,1.702861171,2.73239376,1.042772337
23,1.763427994,2.51851394,1.090258053
23,2.022626295,2.785329835,1.06069784
23,2.063333359,2.86923172,0.930821728
23,2.199755177,2.934498451,1.176091259
23,2.312811826,2.662757832,1.255393126
23,2.354300562,2.812913357,1.247482261
23,2.497067936,2.838849091,1.44357588
23,2.658393026,3.021189299,1.474653253
23,2.733882942,3.10720997,1.51851394
23,2.879038505,3.017033339,1.583255467
23,3.051286458,3.315970345,1.602059991
23,3.053664116,3.195899652,1.62324929
23,3.518854793,3.292256071,1.826074803
23,4.040383925,3.431363764,2.008600172
23,4.108159983,3.33243846,2.071882007
23,4.201260532,3.451786436,2.274157849
23,4.280658189,3.45484486,2.096910013
23,4.362366704,3.361727836,2.521138084
23,4.372351143,3.50242712,2.399673721
23,4.437663743,3.562292864,2.257678575
23,4.521559213,3.531478917,2.344392274
23,4.546314361,3.531478917,2.336459734
24,-0.54515514,2.447158031,0.183269844
24,1.434951936,2.908485019,0.954965731
24,1.458743577,2.770852012,1.122870923
24,1.619656713,2.929418926,1.09725731
24,2.054241409,2.900367129,1.464415022
24,2.115031066,2.903089987,1.255995727
24,2.115843404,2.886490725,1.228272002
24,2.12501256,2.838849091,1.395326393
24,2.270212855,3.004321374,1.724726319
24,2.357172258,2.838849091,1.426917714
24,2.361160995,2.929418926,1.742450174
24,2.369586891,2.973127854,1.657438323
24,2.400002346,2.897627091,1.561518774
24,2.617210095,3.100370545,1.647431874
24,2.967313918,3.113943352,2.081059123
24,3.24012473,3.147676324,1.96722026
24,3.260023661,3.178976947,2.083932402
24,3.26700737,3.1430148,1.807906928
24,3.297081738,3.187520721,1.927267681
24,3.355387722,3.049218023,1.828208614
24,3.630098928,3.330413773,1.997298992
24,3.943040891,3.404833717,2.10222783
25,-0.022276395,2.096910013,0.174641193
25,-0.022276395,2.041392685,0.414973348
25,0.648360011,2.591064607,0.553276046
25,0.774516966,2.447158031,0.736396502
25,0.774516966,2.916453949,0.737590166
25,0.774516966,2.447158031,0.805160902
25,0.809559715,2.447158031,0.830588669
25,0.926856709,2.322219295,0.868644438
25,0.951823035,2.505149978,0.990338855
25,0.975431809,2.58546073,0.913548958
25,1.01911629,2.447158031,0.894316063
25,1.039414119,2.477121255,0.960946196
25,1.077367905,2.397940009,0.936262342
25,1.290368556,2.40654018,0.802431626
26,-2.045757491,0.903089987,-0.263603498
26,-1.207608311,1.477121255,0.108903128
26,-1.193820026,1.322219295,0.01494035
26,-1.167491087,1.491361694,0.10720997
26,-1.13667714,1.380211242,0.041392685
26,-1,1.447158031,0.098643726
26,-0.723538196,1.51851394,0.152288344
26,-0.625251654,1.322219295,0.208172527
26,-0.454692884,1.51851394,0.314920056
26,-0.294992041,1.544068044,0.395326393
26,-0.257274869,1.698970004,0.377488383
26,-0.241845378,1.591064607,0.354108439
26,-0.066512712,1.477121255,0.511883361
26,-0.039053804,1.857332496,0.403120521
26,0.011147361,1.505149978,0.537189226
26,0.062581984,1.477121255,0.552059534
26,0.179838928,1.698970004,0.505149978
26,0.208172527,1.84509804,0.60906055
26,0.257678575,2.278753601,0.646893624
26,0.391464412,1.959041392,0.610127613
26,0.695569227,1.602059991,0.802773725
27,-1.301029996,1.398634325,0.440121603
27,-0.823908741,1.224791956,0.227886705
27,-0.455931956,1.48187241,0.492061605
27,-0.346787486,1.441066407,0.404833717
27,-0.346787486,1.433609843,0.472756449
27,-0.199970641,1.294245716,0.52179165
27,-0.124938737,1.388278863,0.640978057
27,0.021189299,1.552181339,0.633973156
27,0.130333768,1.491501766,0.669316881
27,0.190331698,1.525044807,0.695919253
27,0.190331698,1.42357352,0.760799312
27,0.290034611,1.62076049,0.868056362
27,0.40654018,1.455758203,0.802089258
27,0.58546073,1.640878779,0.855821905
27,0.596597096,1.641771471,0.90982337
27,0.607455023,1.686099772,0.842921121
27,0.618048097,1.709609121,1.035829825
27,0.788875116,1.774516966,0.911157609
27,0.883661435,1.840795899,0.894869657
27,0.900367129,1.705521613,0.958324932
27,0.919078092,1.578982843,0.889021422
27,0.951823035,1.881042108,0.733598461
27,0.997823081,1.698970004,0.938019097
27,1.035429738,1.823995591,0.968482949
27,1.062581984,1.77437096,0.99343623
27,1.077367905,1.895588276,0.75089392
27,1.098643726,1.707570176,0.895422546
27,1.118925753,1.87604455,0.850646235
27,1.125481266,1.77815125,0.910090546
27,1.128722284,2.093456707,0.688419822
27,1.141449773,1.822168079,0.84540814
27,1.161368002,1.657151502,1.019739233
27,1.188928484,1.947384702,0.781755375
27,1.188928484,1.998215732,0.812913357
27,1.188928484,1.885530833,0.965201701
27,1.205475037,1.860338007,0.87909588
27,1.218797998,1.86923172,0.931966115
27,1.224014811,1.840419778,1.023458238
27,1.277609214,1.945320841,0.959041392
27,1.282168778,1.92417587,0.953276337
27,1.282168778,1.954242509,1.009663317
27,1.308564414,1.875061263,0.946452265
27,1.308564414,1.922465945,1.080085085
27,1.3232521,1.929418926,0.955447211
27,1.335457901,1.812913357,1.268811904
27,1.337459261,1.942008053,1.003245055
27,1.343408594,1.762078087,0.954724791
27,1.373831145,1.872214563,1.024690862
27,1.405687787,1.953131225,1.085825534
27,1.412460547,1.857875026,1.023046584
27,1.424064525,1.980367026,0.960946196
27,1.425697213,2.159416788,1.080085085
27,1.432167269,2,0.906604372
27,1.432167269,1.989494313,0.999130541
27,1.482158695,1.925208921,0.924795996
27,1.513883186,2.05422991,1.12515583
27,1.525692525,1.75327657,1.272769587
27,1.590507462,1.816970038,1.16952749
27,1.626340367,1.843045811,1.037227235
27,1.667919685,1.84509804,1.073901558
27,1.714748761,1.918030337,1.007961033
27,1.764549719,1.98517939,1.067628717
27,1.98721923,2.342422681,1.214578954
28,0.590730406,2.40654018,0.752048448
28,0.649529566,2.403120521,0.717254313
28,0.694605199,2.568201724,0.765668555
28,0.880642126,2.633468456,0.694605199
28,0.900367129,2.556302501,0.851258349
28,0.926856709,2.544068044,0.862727528
28,0.939519253,2.740362689,1.098124338
28,1.092088739,2.230448921,1.033423755
28,1.097014231,2.648360011,0.90227492
28,1.171960354,2.643452676,0.735997884
28,1.209461395,2.612783857,0.778874472
28,1.288919606,2.672097858,1.041392685
28,1.676236217,2.568201724,1.359361103
28,2.246358225,2.759667845,1.215174739
29,-2.452225295,0.715167358,-0.37161107
29,-2.22184875,0.505149978,-0.177178355
29,-2.15490196,0.755874856,-0.060480747
29,-1.853871964,0.942008053,-0.236572006
29,-1.853871964,0.84509804,-0.161150909
29,-1.853871964,0.716003344,-0.158015195
29,-1.744727495,1,-0.232844134
29,-1.744727495,0.84509804,-0.015472687
29,-1.721246399,0.84509804,-0.139661993
29,-1.619788758,0.826074803,-0.119186408
29,-1.37675071,1.053078443,0.051152522
29,-1.37675071,0.84509804,0.190331698
29,-1.356547324,1,0.108903128
29,-1.337242168,1.222716471,0.131939295
29,-1.229147988,0.84509804,0.117271296
29,-1.124938737,1.130333768,0.095169351
29,-1.119186408,0.84509804,0.226599905
29,-1.113509275,0.84509804,0.255272505
29,-1.096910013,0.982271233,0.273001272
29,-1.086186148,0.84509804,0.234264124
29,-1.080921908,0.903089987,0.264817823
29,-1.040958608,0.938019097,0.245512668
29,-1.036212173,1.021189299,0.144574208
29,-0.954677021,1.056904851,0.307496038
29,-0.882728704,1.113943352,0.239299479
29,-0.876148359,0.991226076,0.243038049
29,-0.863279433,0.963787827,0.290034611
29,-0.790484985,1.064457989,0.419129308
29,-0.764471553,0.995635195,0.329397879
29,-0.728158393,0.954242509,0.321184027
29,-0.625251654,1.079181246,0.348304863
29,-0.452225295,1.113943352,0.445604203
29,0.118925753,1.491361694,0.678973376
29,0.247482261,1.477121255,0.814247596
30,0.290034611,1.929418926,0.742725131
30,0.596597096,2.301029996,0.793790385
30,0.648360011,1.903089987,0.967781908
30,0.659535907,2.531478917,0.790988475
30,0.774516966,1.977723605,0.964023793
30,1.100439475,2.593286067,0.981138783
30,1.202760687,2.544068044,0.977952121
30,1.216165902,2.477121255,1.028774527
30,1.254064453,2.278753601,1.153509989
30,1.341434525,2.477121255,1.107888025
30,1.36078269,2.431363764,1.264109156
30,1.43055877,2.462397998,1.195068996
30,1.483587297,2.371067862,1.360025089
30,1.524396122,2.469822016,1.270212855
30,1.590507462,2.62324929,0.99343623
30,1.648711208,2.794488047,1.197556213
30,1.707144188,2.579783597,1.29961624
30,1.737590166,2.230448921,1.267054336
30,1.900913068,2.911157609,1.151063253
30,1.985426474,2.929418926,1.354972325
30,2.111934276,2.799340549,1.375572174
30,2.223236273,3.033423755,1.362388217
30,2.367169489,3.08278537,1.436162647
31,-0.255707017,1.903089987,0.566437492
31,0.29380436,2,0.371067862
31,0.505421328,2.326335861,0.730378469
31,0.846893543,2.525044807,0.707144188
31,0.925879089,2.146128036,0.680788612
31,1.396356293,2.69019608,0.982044979
31,1.451049198,2.672097858,0.962842681
31,1.689308859,2.72427587,1.602059991
31,1.727541257,2.477121255,1.698970004
31,1.878521796,2.579783597,1.77815125
31,2.042969073,2.822821645,1.060886623
31,2.359940576,2.72427587,1.903089987
31,2.359940576,2.77815125,1.977723605
31,2.437592032,2.991226076,1.84509804
31,2.700020459,2.792391689,1.929418926
31,2.745777218,2.86332286,2.028164419
31,2.772269851,2.919078092,1.799340549
31,3.032981193,2.963787827,1.713154402
31,3.126958213,3.11058971,2.33243846
31,3.198365543,3.161368002,2.096910013
31,3.234268532,3.170261715,2.161368002
31,3.292056605,3.075546961,1.773018073
31,3.698058426,3.133538908,2.67669361
31,3.96201711,3.748188027,2.146128036
31,3.991119492,3.271841607,2.021189299
31,3.991119492,3.225309282,2.591064607
31,4.154713793,3.326335861,2.133538908
31,4.196995215,3.235528447,2.11058971
31,4.235086788,3.311753861,2.802773725
31,4.644645268,3.757396029,2.33243846
32,0.926856709,2,1
32,1.252853031,2.414973348,0.934498451
32,1.537189226,2.505149978,0.977723605
32,1.871572936,2.568201724,1.301029996
32,2.011147361,2.86923172,1.317331935
32,2.03702788,2.716003344,1.457124626
32,2.194791758,2.806179974,1.218141468
32,2.250420002,2.763427994,1.458033192
32,2.339650158,2.875061263,1.134416191
32,2.616790486,2.897627091,1.357649033
32,2.957559402,2.903089987,1.573277837
32,3.053664116,2.86332286,1.698970004
32,3.241795431,2.875061263,1.714916248
32,3.363774587,3.100370545,1.995635195
32,3.542850964,3.139879086,2.181843588
33,0.512817759,1.973127854,0.959041392
33,0.995108458,1.903089987,1.219715476
33,1.150480122,2.255272505,1.194514342
33,2.098297536,2.755874856,1.537819095
33,2.139564266,2.591064607,1.562292864
33,2.32407658,2.672097858,1.602059991
33,2.61898892,2.770852012,1.72427587
33,2.713406532,2.653212514,1.834007196
33,2.849357982,2.579783597,1.632558515
33,2.932930143,2.819543936,1.826074803
33,3.024033898,2.812913357,1.84509804
33,3.247126972,2.986771734,2.004321374
33,3.482389426,2.991226076,1.982271233
33,3.590890672,2.832508913,2.036209567
33,3.647047497,2.991226076,1.984527313
33,3.656430524,3.093421685,2.113943352
33,3.72465057,3.100370545,2.100370545
33,3.739256726,2.886490725,1.995635195
33,3.774151859,2.826074803,1.888656787
33,3.783595016,2.954242509,2.117271296
33,3.984934929,2.959041392,2.037426498
33,4.139267322,2.949390007,2
33,4.264988123,3.093421685,2.267171728
33,4.311621254,3.10720997,2.281033367
33,4.409482172,3.11058971,2.365487985
33,4.523908848,3.176091259,2.374748346
34,-0.346787486,1.716003344,0.122215878
34,1.397940009,2.230448921,1.14332713
34,1.524396122,2.230448921,1
34,1.653212514,2,1
34,1.764922985,2.322219295,1.222586423
34,1.99100444,2.505149978,1.255272505
34,2.285332228,2.556302501,1.518579737
34,2.311541958,2.662757832,1.380211242
34,2.359940576,2.875061263,1.477121255
34,2.924641047,3.008600172,1.547590122
34,3.017369787,2.982271233,1.681241237
34,3.102983126,3.049218023,1.626340367
34,3.254064453,2.949390007,1.72427587
34,3.268875674,3.021189299,1.672097858
34,3.29958356,3.164352856,1.812913357
34,3.351216345,3.071882007,1.469822016
34,3.475853237,3.161368002,1.802773725
34,3.717363581,3.217483944,1.857332496
34,3.962769147,3.354108439,1.949267997
34,4.069240464,3.309630167,2.003288159
34,4.188137883,3.372912003,2.073754998
35,-0.70333481,1.77815125,0.120573931
35,0.353723938,2.190331698,0.706290957
35,0.416640507,2,0.617000341
35,0.586137025,2.414973348,0.57921178
35,0.682686478,2.130333768,0.669316881
35,0.737351696,2.301029996,0.73239376
35,1.378761175,2.431363764,1.168202747
35,1.617304451,2.550228353,1.16479882
35,1.618466492,2.720159303,1.184549481
35,1.71432976,2.596597096,1.055951405
35,1.924795996,2.612783857,1.204933522
35,2.026533265,2.755874856,1.195068996
35,2.091666958,2.544068044,1.311011749
35,2.157758886,2.633468456,1.42036838
35,2.22762965,2.73239376,1.269512944
35,2.363235804,2.73239376,1.437909036
35,2.54344718,2.977723605,1.46456406
35,2.568788212,2.875061263,1.385695625
35,2.856789289,2.826074803,1.501401631
35,2.989805651,2.959041392,1.545863548
35,3.095169351,2.924279286,1.568201724
35,3.346381651,3.113943352,1.596597096
35,3.483587297,3.100370545,1.633468456
36,-1.091514981,1.73239376,-0.017728767
36,-0.647817482,1.72427587,0.3232521
36,-0.63638802,1.903089987,0.209515015
36,-0.607303047,2.041392685,0.138302698
36,-0.573488739,1.908485019,0.125481266
36,-0.527243551,1.977723605,0.24674471
36,-0.503070352,1.954242509,0.146128036
36,-0.428291168,2.021189299,0.130333768
36,-0.317854924,2.164352856,0.188928484
36,-0.209011525,2.041392685,0.252853031
36,-0.000869459,2.113943352,0.30427505
36,0.237543738,2.139879086,0.325310372
36,0.451479405,2.130333768,0.417471693
36,0.478422188,2.255272505,0.441695136
36,0.553761698,2.068185862,0.465382851
36,0.565965817,2.255272505,0.553883027
36,0.570309385,2.217483944,0.531478917
36,0.711216524,2.204119983,0.587710965
36,0.835627166,2.245512668,0.597146488
36,1.021602716,2.235528447,0.624797579
36,1.038977622,2.181843588,0.567026366
36,1.057437868,2.243038049,0.521138084
37,0.703291378,1.903089987,0.775610448
37,0.728353782,2,0.777789187
37,0.774516966,2.301029996,0.769746467
37,0.883661435,2.243038049,0.872738827
37,0.911157609,2.176091259,0.863917377
37,0.926856709,2.290034611,0.912487761
37,0.989004616,2.322219295,0.830267801
37,1.031408464,2.243038049,0.872738827
37,1.138302698,2.290034611,0.901730692
37,1.197280558,2.361727836,0.974050903
37,1.244277121,2.389166084,1.005395032
37,1.291146762,2.322219295,1.049799278
37,1.321184027,2.301029996,1.007107383
37,1.4448252,2.51851394,1.095169351
37,1.481442629,2.612783857,1.049024098
38,-0.022276395,1.903089987,0.301029996
38,0.290034611,2.361727836,0.602059991
38,0.290034611,2.113943352,0.602059991
38,0.33243846,2.371067862,0.301029996
38,0.40654018,2.113943352,0.602059991
38,0.469822016,2.278753601,0.477121255
38,0.469822016,2.243038049,0.602059991
38,0.537819095,2.255272505,0.77815125
38,0.648360011,2.414973348,0.84509804
38,0.694605199,2.51851394,0.698970004
38,0.774516966,2.643452676,0.77815125
38,0.900367129,2.544068044,0.77815125
38,0.926856709,2.579783597,0.903089987
38,0.951823035,2.77815125,0.84509804
38,0.997823081,2.681241237,0.84509804
38,1.422425676,2.903089987,0.992111488
38,1.908216853,2.959041392,1.213517757
38,1.941014244,2.908485019,1.217878578
38,1.956408571,3,1.245142373
38,1.966610987,3,1.176958981
39,-1.102372909,1.829303773,0.084576278
39,-0.510041521,2.146128036,0.269512944
39,-0.27083521,2.255272505,0.346352974
39,-0.229147988,2.301029996,0.381115081
39,0.003460532,2.354108439,0.423245874
39,0.062581984,2.414973348,0.480006943
39,0.142702246,2.06069784,0.576916956
39,0.46478752,2.352182518,0.717670503
39,0.744996674,2.763427994,0.63748973
39,0.973127854,2.653212514,0.812913357
39,1.879766596,3,1.1987945
39,2.808548551,3.049218023,1.431524584
39,2.833274639,3.130333768,1.395501124
39,3.077404246,3.113943352,1.790144365
39,3.159867847,3.342422681,1.606381365
39,3.161080243,3.372912003,1.591064607
39,3.212613697,3.181843588,1.831325766
39,3.461648568,3.290034611,1.795880017
39,3.524778955,3.290034611,1.802773725
39,3.638638988,3.350248018,1.863114587
39,3.647047534,3.439332694,1.84509804
39,3.720710466,3.380211242,1.633468456
39,3.949145952,3.511883361,1.875061263
39,4.055802479,3.413299764,1.987643924
39,4.071548636,3.506505032,1.919078092
39,4.25591946,3.411619706,2.028367884
39,4.365086639,3.526339277,2.033423755
40,-1.552841969,1.602059991,-0.002176919
40,-0.469800302,1.924279286,0.255272505
40,-0.184422252,1.949390007,0.405687787
40,0.133219457,2.068185862,0.467608106
40,0.214843848,1.977723605,0.598243192
40,0.344195716,2.096910013,0.666517981
40,0.352182518,1.973127854,0.788521887
40,0.423245874,1.903089987,0.747800091
40,0.514813295,1.851258349,0.753583059
40,0.596597096,2.230448921,0.656098202
40,0.755874856,2.204119983,0.865103975
40,1.07371835,2.301029996,0.90118578
40,1.18610838,2.230448921,0.823800154
40,1.273001272,2.33243846,0.958563883
40,1.567614443,2.505149978,1.150602952
40,1.648847708,2.484299839,1.037824751
40,1.785329835,2.40654018,1.088313316
40,1.843855423,2.579783597,1.209380952
40,1.857935265,2.69019608,1.168055303
40,1.959518377,2.755874856,1.233376903
40,2.183554534,2.633468456,1.40363519
40,2.246990699,2.716003344,1.389431898
40,2.427323786,2.681241237,1.631291536
41,0.290034611,2.230448921,0.472756449
41,0.389166084,2.230448921,0.343408594
41,0.389166084,2.230448921,0.726319612
41,0.736396502,2.51851394,0.66133934
41,0.809559715,2.204119983,0.615950052
41,1.01911629,2.477121255,0.726319612
41,1.058805487,2.414973348,0.741151599
41,1.174641193,2.462397998,0.755112266
41,1.202760687,2.505149978,0.713910354
41,1.310693312,2.612783857,0.872447648
41,1.36078269,2.653212514,0.92505412
41,1.57921178,2.591064607,0.888179494
41,1.632963168,2.681241237,0.990338855
41,1.671635597,2.462397998,0.985875357
41,1.860936621,2.851258349,0.96964884
41,2.0548045,2.770852012,1.045127307
42,-2.332920795,1.079181246,-0.113509275
42,-2.258060922,0.84509804,0.053078443
42,-2.248720896,0.903089987,-0.187086643
42,-1.886056648,1.079181246,0.214843848
42,-1.769551079,1.230448921,0.243038049
42,-1.744727495,1.113943352,0.084576278
42,-1.744727495,1.544068044,0.195899652
42,-1.468521083,1.255272505,0.26245109
42,-1.37675071,1.230448921,0.303196057
42,-1.356547324,1.447158031,0.376576957
42,-1.292429824,1.568201724,0.271841607
42,-1.22184875,1.301029996,0.322219295
42,-1.096910013,1.301029996,0.478566496
42,-0.730487056,1.505149978,0.701999475
42,-0.714442691,1.404833717,0.680788612
42,-0.694648631,1.602059991,0.689752696
42,-0.681936665,1.672097858,0.641474111
42,-0.417936637,1.716003344,0.796227314
42,-0.180456064,1.740362689,0.824125834
42,-0.001740662,1.903089987,0.889861721
42,0.070407322,1.72916479,0.452553063
43,-2.896196279,0.799340549,-0.462180905
43,-2.096910013,0.929418926,-0.096910013
43,-2.045757491,1.146128036,-0.142667504
43,-1.698970004,1.176091259,-0.13076828
43,-1.677780705,1.301029996,0.091666958
43,-1.619788758,0.77815125,-0.102372909
43,-1.619788758,0.84509804,0.054995862
43,-1.494850022,1.51851394,0.138302698
43,-1.397940009,0.903089987,0.191730393
43,-1.356547324,1,0.02325246
43,-1.337242168,1.079181246,0.004321374
43,-1.30980392,1.505149978,0.136720567
43,-1.148741651,1.342422681,0.173186268
43,-0.899629455,1.397940009,0.271841607
43,-0.879426069,1,0.283301229
43,-0.853871964,1.397940009,0.250420002
43,-0.826813732,1.079181246,0.208172527
43,-0.804100348,1.462397998,0.276461804
43,-0.782516056,1.361727836,0.282168778
43,-0.657577319,1.176091259,0.319106059
43,-0.588380294,1.431363764,0.36078269
43,-0.588380294,1.531478917,0.436957331
43,-0.515700161,1.204119983,0.388278863
44,0.752048448,2.447158031,0.781396305
44,0.774516966,2.342422681,0.719331287
44,0.774516966,2.51851394,0.751279104
44,1.539076099,2.73239376,1.039612382
44,1.644438589,2.591064607,1.330007701
44,1.697229343,2.62324929,1.011358954
44,1.764176132,2.716003344,1.130333768
44,2.004751156,2.633468456,1.255151851
44,2.156851901,2.755874856,1.583991799
44,2.18582536,2.716003344,1.21919144
44,2.51295108,2.748188027,1.506538855
44,2.597804842,2.748188027,1.82467893
44,2.900367129,2.919078092,1.765445018
44,2.951823035,2.963787827,2.096910013
44,2.975431809,2.875061263,1.809627042
44,2.980866555,2.826074803,2.122215878
44,3.041392685,2.919078092,1.873320602
44,3.434036407,3.133538908,1.9654369
44,3.438542349,2.968482949,2.220108088
44,3.573451822,3.06069784,2.247973266
44,3.627877695,3.068185862,2.230448921
44,3.691670795,2.963787827,2.301029996
44,4.049863827,3.181843588,2.443262987
44,4.37578551,3.250420002,2.591064607
45,0.290034611,1.77815125,0.477121255
45,0.774516966,2.230448921,0.698970004
45,0.774516966,2.204119983,0.77815125
45,0.774516966,2.230448921,0.903089987
45,0.975431809,2.204119983,1
45,1.039414119,2.361727836,0.954242509
45,1.039414119,2.278753601,1.113943352
45,1.077367905,2.397940009,0.954242509
45,1.128722284,2.342422681,1.041392685
45,1.229169703,2.342422681,0.84509804
45,1.277609214,2.431363764,1.041392685
45,1.331427297,2.491361694,1.079181246
45,1.370142847,2.397940009,1.176091259
45,1.422425676,2.477121255,1
45,1.490660653,2.462397998,1.230448921
45,1.573451822,2.51851394,1.380211242
45,1.627877695,2.51851394,1.204119983
46,-0.602059991,1.832508913,0.33243846
46,-0.488116639,1.875061263,0.416640507
46,-0.187086643,1.653212514,0.503109437
46,0.021189299,1.875061263,0.428134794
46,0.14082218,1.740362689,0.678062905
46,0.217483944,1.929418926,0.461648568
46,0.243038049,2.342422681,0.443262987
46,0.352182518,2.041392685,0.400537989
46,0.484299839,2.243038049,0.607455023
46,0.720159303,2.243038049,0.783903579
46,0.889301703,2.322219295,0.603144373
46,0.975431809,2.568201724,0.932473765
46,1.141449773,2.602059991,0.765668555
46,1.147676324,2.672097858,0.831869774
46,1.273001272,2.792391689,0.866582677
46,1.767897616,2.792391689,1.200029267
46,1.846337112,2.8162413,1.144106973
46,2.407560849,2.903089987,1.12904506
46,2.876737297,2.939519253,1.658393026
47,-1.769551079,1.301029996,-0.073143291
47,-1.207608311,1.397940009,0.079181246
47,-0.671620397,1.812913357,0.158362492
47,-0.617982957,1.77815125,0.084576278
47,-0.49757288,1.954242509,0.274157849
47,-0.326058001,1.698970004,0.312811826
47,-0.282329497,1.77815125,0.401400541
47,-0.183096161,2.021189299,0.243038049
47,0.130655349,2.041392685,0.428134794
47,0.161068385,2.217483944,0.4448252
47,0.276921132,2.190331698,0.397940009
47,0.42111013,1.698970004,0.517195898
47,0.465234095,2.041392685,0.538448052
47,0.558708571,2.414973348,0.465382851
47,0.561339941,2.146128036,0.489255168
47,0.67329744,1.903089987,0.436957331
47,0.916401304,1.954242509,0.764549719
47,0.953952883,2.40654018,0.561101384
47,1.156730826,2.204119983,0.718501689
47,1.219505937,2.021189299,0.807196661
48,-1.27572413,1,0.184691431
48,-0.793174124,1.255272505,0.086359831
48,-0.684029655,1.531478917,0.187520721
48,-0.602059991,1.531478917,0.167317335
48,-0.213248578,1,0.135132651
48,-0.187086643,1.301029996,0.136720567
48,-0.174573882,1,0.153814864
48,-0.122053048,1,0.212187604
48,-0.014573526,1.342422681,0.337459261
48,0.194514342,1.301029996,0.187520721
48,0.283753383,1.255272505,0.421603927
48,0.331832044,1.544068044,0.225309282
48,0.344392274,1.301029996,0.39707055
48,0.413802517,1.544068044,0.298853076
48,0.47957531,1.301029996,0.333447274
48,0.496652939,1.505149978,0.397940009
48,0.60031933,1.176091259,0.390935107
48,0.626853415,1.301029996,0.680788612
48,0.631646663,1.301029996,0.52179165
48,0.72057272,1.397940009,0.464638559
48,0.933689709,1.477121255,0.549003262
48,1.194569839,1.477121255,0.579783597
48,1.362369363,1.505149978,0.706717782
48,1.375279436,1.397940009,0.687082845
48,1.489043953,1.602059991,0.784260583
49,-0.995678626,1.755874856,0.361727836
49,-0.950781977,1.698970004,0.226599905
49,-0.681936665,1.792391689,0.301029996
49,-0.665546249,1.799340549,0.36267093
49,-0.320572103,1.889301703,0.462397998
49,-0.286509457,1.963787827,0.489958479
49,-0.175874166,2.079181246,0.561101384
49,-0.081969663,1.929418926,0.664641976
49,-0.066512712,2.146128036,0.599883072
49,0.138302698,2.130333768,0.530199698
49,0.471144965,2.290034611,0.775974331
49,0.498310554,2.041392685,0.620136055
49,0.88286592,2.505149978,0.915663604
49,1.035509785,2.439332694,1.029586672
49,1.247973266,2.77815125,1.033021445
49,1.405687787,2.397940009,1.040008636
49,2.413802517,2.698970004,1.587374172
49,2.678518379,2.916453949,1.447855444
